CardID;category;tags
1;Python;"[""языки_программирования"", ""python"", ""название"", ""основы""]"
2;JavaScript;"[""язык_программирования"", ""javascript"", ""правописание"", ""web_разработка""]"
3;Python;"[""python"", ""язык_программирования"", ""динамическая_типизация"", ""автоматическое_управление_памятью"", ""гвидо_ван_россум"", ""веб-разработка"", ""наука_о_данных""]"
4;Python;"[""история_python"", ""гвидо_ван_россум"", ""проектирование_языка"", ""python"", ""язык_программирования_abc""]"
5;Python;"[""типы_данных"", ""классификация"", ""числа"", ""строки"", ""списки"", ""кортежи"", ""словари"", ""множества"", ""булевы_значения"", ""python""]"
6;Python;"[""лямбда-функция"", ""анонимная_функция"", ""python"", ""функции_высшего_порядка"", ""компактный_код"", ""map""]"
7;Python;"[""pep_8"", ""стилевые_соглашения"", ""написание_кода"", ""python"", ""читабельность_кода"", ""стандарт_кодирования""]"
8;Python;"[""документация"", ""атрибуты"", ""python"", ""получение_документации"", ""help"", ""__doc__""]"
9;Python;"[""docstring"", ""документация"", ""функции"", ""классы"", ""python_разработка"", ""автоматическая_генерация_документации""]"
10;Python;"[""типы_данных"", ""list_vs_tuple"", ""мутабельность"", ""иммутабельность"", ""python"", ""структуры_данных""]"
11;Python;"[""индексы_списка"", ""отрицательные_индексы"", ""python"", ""срезы_списка"", ""последний_элемент"", ""обратный_порядок""]"
12;Python;"[""pass"", ""пустой_оператор"", ""python"", ""заглушка_функции"", ""цикл""]"
13;Python;"[""язык_программирования"", ""высокий_уровень"", ""интерпретируемый"", ""динамическая_типизация"", ""автоматическое_управление_памятью"", ""python""]"
14;Python;"[""история_python"", ""гвидо_ван_россум"", ""начало"", ""1980-е"", ""programming_language"", ""cwi""]"
15;Python;"[""типы_данных"", ""числа"", ""строки"", ""списки"", ""кортежи"", ""словари"", ""множества"", ""булевы_значения"", ""классы_типов""]"
16;Python;"[""лямбда-функция"", ""анонимная_функция"", ""python"", ""функции_высшего_порядка"", ""map"", ""компактный_код""]"
17;Python;"[""pep_8"", ""стилевые_соглашения"", ""читабельность_кода"", ""python"", ""стандарты_кодирования""]"
18;Python;"[""документация"", ""атрибуты_объекта"", ""python"", ""help"", ""__doc__"", ""встроенные_функции""]"
19;Python;"[""docstring"", ""документация"", ""функции_python"", ""разработка_программного_обеспечения"", ""кодирование"", ""описание_api""]"
20;Python;"[""типы_данных"", ""list_vs_tuple"", ""мутабельные"", ""иммутабельные"", ""python"", ""эффективность_памяти"", ""скорость_доступа""]"
21;Python;"[""индексы_списка"", ""отрицательные_индексы"", ""срезы_списка"", ""python"", ""списки"", ""обращение_к_элементам""]"
22;Python;"[""pass"", ""пустой_оператор"", ""python"", ""заглушка_функции"", ""синтаксис"", ""управление_потоком""]"
23;Python;"[""многопоточность"", ""многопроцессорность"", ""threading"", ""multiprocessing"", ""concurrent.futures"", ""ресурсы_компьютера""]"
24;Python;"[""просмотр_методов"", ""атрибуты_объекта"", ""python"", ""dir"", ""работа_с_объектами"", ""исследование_кода""]"
25;Python;"[""args"", ""kwargs"", ""переменное_количество_аргументов"", ""функции"", ""python"", ""позиционные_аргументы"", ""именованные_аргументы""]"
26;Python;"[""объектно_ориентированное_программирование"", ""oop"", ""наследование"", ""инкапсуляция"", ""полиморфизм"", ""множественное_наследование"", ""классы""]"
27;Python;"[""встроенные_функции"", ""python"", ""глобальные_переменные"", ""локальные_переменные"", ""globals"", ""locals""]"
28;Python;"[""атрибуты_объекта"", ""словарь"", ""python"", ""классы"", ""экземпляры_классов"", ""доступ_к_атрибутам""]"
29;Python;"[""проверка_синтаксиса"", ""py_compile"", ""командная_строка"", ""терминал"", ""python"", ""синтаксические_ошибки""]"
30;Python;"[""self"", ""классы"", ""методы"", ""объектно_ориентированное_программирование"", ""атрибуты"", ""python""]"
31;Python;"[""декораторы"", ""функции"", ""расширение_функциональности"", ""python"", ""пример_кода"", ""синтаксис""]"
32;Python;"[""ключи_словаря"", ""неизменяемые_объекты"", ""типы_данных"", ""python"", ""dictionary"", ""hashable""]"
33;Python;"[""модули"", ""пакеты"", ""импорт"", ""инициализация"", ""python_код"", ""структура_проекта""]"
34;Python;"[""перевод_строки_в_число"", ""двоичное_число"", ""int"", ""цикл_for"", ""binary_to_decimal"", ""python""]"
35;Python;"[""конструктор_класса"", ""инициализация_объектов"", ""python"", ""oop"", ""атрибуты_класса"", ""self""]"
36;Python;"[""слайс"", ""извлечение_части"", ""индексация"", ""python"", ""sequence"", ""list""]"
37;Python;"[""проверка_содержания_элементов"", ""кортежи"", ""python"", ""встроенные_функции"", ""генератор_списков"", ""преобразование_типов""]"
38;Python;"[""аргументы_функции"", ""изменяемые_типы"", ""пустой_список"", ""best_practices"", ""default_arguments"", ""python""]"
39;Python;"[""декораторы"", ""classmethod"", ""staticmethod"", ""property"", ""методы_класса"", ""python""]"
40;Python;"[""синхронный_код"", ""последовательное_выполнение"", ""блокировка"", ""производительность"", ""python"", ""async/await"", ""asyncio""]"
41;Python;"[""асинхронное_программирование"", ""asyncio"", ""python"", ""пример_кода"", ""корутины"", ""асинхронные_функции""]"
42;Python;"[""модульное_деление"", ""арифметические_операции"", ""python"", ""остаток_от_деления"", ""базовые_концепции""]"
43;Python;"[""id()"", ""уникальный_идентификатор"", ""адрес_в_памяти"", ""сравнение_объектов"", ""python""]"
44;Python;"[""итератор"", ""генератор"", ""python"", ""next"", ""stopiteration"", ""программирование""]"
45;Python;"[""генератор"", ""итератор"", ""yield"", ""последовательность_значений"", ""эффективное_использование_памяти"", ""python""]"
46;Python;"[""yield"", ""генераторы"", ""последовательность_значений"", ""инструкция_yield"", ""python"", ""эффективность_памяти"", ""итерируемые_объекты""]"
47;Python;"[""итераторы"", ""методы"", ""iter"", ""next"", ""исключение_stopiteration"", ""python""]"
48;Python;"[""контекстный_менеджер"", ""with"", ""ресурсы"", ""enter"", ""exit"", ""файловая_система"", ""python""]"
49;Python;"[""python"", ""pyinstaller"", ""исполняемый_файл"", ""кроссплатформенность"", ""установка"", ""командная_строка""]"
50;Python;"[""копирование_объектов"", ""глубокое_копирование"", ""python"", ""copy"", ""deepcopy"", ""поверхностное_копирование""]"
51;Python;"[""сборщик_мусора"", ""управление_памятью"", ""python"", ""автоматическое_управление_памятью"", ""подсчет_ссылок"", ""обнаружение_циклов""]"
52;Python;"[""глобальные_переменные"", ""лучшие_практики"", ""Python"", ""переменные"", ""функции"", ""локальные_переменные""]"
53;Python;"[""оптимизация"", ""slots"", ""атрибуты_класса"", ""экономия_памяти"", ""python""]"
54;Python;"[""пространства_имен"", ""builtins"", ""main"", ""name"", ""globals()"", ""locals()"", ""python""]"
55;Python;"[""управление_памятью"", ""сборка_мусора"", ""garbage_collector"", ""reference_counting"", ""циклический_сборщик"", ""gc_module""]"
56;Python;"[""метаклассы"", ""динамическое_изменение_класса"", ""создание_классов"", ""фреймворки"", ""автоматическая_регистрация"", ""сериализация""]"
57;Python;"[""отладка"", ""debugging"", ""pdb"", ""интерактивный_отладчик"", ""python"", ""set_trace""]"
58;Python;"[""срезы"", ""пустой_список"", ""индексация"", ""python"", ""списки"", ""операции_со_списками""]"
59;Python;"[""создание_класса"", ""без_class"", ""type"", ""metaclass"", ""python"", ""программирование""]"
60;Python;"[""перезагрузка_модуля"", ""importlib"", ""reload"", ""python"", ""разработка"", ""тестирование""]"
61;Python;"[""декораторы"", ""перехват_ошибок"", ""retry"", ""исключения"", ""функциональное_программирование"", ""python""]"
62;Python;"[""преобразование_типов"", ""строки"", ""списки"", ""map"", ""len"", ""join"", ""python""]"
63;Python;"[""легкость_языка"", ""синтаксис"", ""стандартная_библиотека"", ""web-разработка"", ""научное_моделирование"", ""искусственный_интеллект"", ""машинное_обучение"", ""многофункциональность""]"
64;Python;"[""проблемы_python"", ""ограничения_python"", ""GIL"", ""управление_пакетами"", ""производительность"", ""динамическая_типизация"", ""управление_памятью""]"
65;Python;"[""исключения"", ""try_except_else"", ""управление_исключениями"", ""python"", ""блок_else"", ""обработка_ошибок""]"
66;Python;"[""множественное_наследование"", ""классы"", ""наследование"", ""python"", ""объектно_ориентированное_программирование"", ""oop""]"
67;Python;"[""dict"", ""set"", ""хэш-таблица"", ""сложность_операций"", ""python"", ""память""]"
68;Python;"[""mro"", ""наследование"", ""method_resolution_order"", ""классы"", ""алгоритм_c3"", ""python""]"
69;Python;"[""передача_аргументов"", ""по_ссылке"", ""изменяемые_типы"", ""неизменяемые_типы"", ""python"", ""функции""]"
70;Python;"[""статический_анализ"", ""pylint"", ""flake8"", ""mypy"", ""bandit"", ""black"", ""pycodestyle"", ""vulture"", ""pep8"", ""форматирование_кода"", ""типизация"", ""уязвимости""]"
71;Python;"[""sys.getrefcount"", ""ссылки"", ""списки"", ""python""]"
72;Python;"[""gil"", ""global_interpreter_lock"", ""многопоточность"", ""cpython"", ""производительность"", ""асинхронное_программирование""]"
73;Python;"[""интерпретируемый_язык"", ""байт-код"", ""python"", ""компиляция"", ""pycache"", ""виртуальная_машина""]"
74;Python;"[""репликация_кода"", ""системы_контроля_версий"", ""git"", ""docker"", ""pyinstaller"", ""модуль_shutil"", ""функции_и_модули""]"
75;Python;"[""дескрипторы"", ""декораторы"", ""python"", ""разница_между_дескрипторами_и_декораторами"", ""протокол_доступа_к_атрибутам"", ""property""]"
76;Python;"[""управление_памятью"", ""сборка_мусора"", ""python"", ""утечка_памяти"", ""memory_profiler"", ""оптимизация""]"
77;Python;"[""python"", ""классы"", ""свойства"", ""getter_setter"", ""декораторы"", ""property""]"
78;Python;"[""интернирование_строк"", ""оптимизация_памяти"", ""python"", ""сравнение_строк"", ""производительность"", ""строковые_константы""]"
79;Python;"[""python"", ""бинарные_зависимости"", ""менеджеры_пакетов"", ""pip"", ""conda"", ""requirements.txt"", ""wheel""]"
80;Python;"[""хвостовая_рекурсия"", ""оптимизация"", ""python"", ""переполнение_стека"", ""итеративный_подход"", ""sys.setrecursionlimit""]"
81;Python;"[""wheels"", ""eggs"", ""форматы_пакетов"", ""pip"", ""дистрибуция_пакетов"", ""python""]"
82;Python;"[""взаимодействие_python_c"", ""python/c_api"", ""ctypes"", ""вызов_функций"", ""интеграция"", ""python""]"
83;Python;"[""ускорение_кода"", ""векторизация"", ""структуры_данных"", ""компиляция"", ""многопоточность"", ""параллелизм"", ""оптимизация""]"
84;Python;"[""pycache"", ""байт-код"", ""компиляция"", ""python"", ""скомпилированные_файлы"", "".pyc"", ""ускорение_загрузки""]"
85;Python;"[""виртуальное_окружение"", ""python"", ""venv"", ""изоляция_зависимостей"", ""установка_пакетов"", ""python_пакеты""]"
86;Python;"[""императивный_язык"", ""декларативный_язык"", ""программирование"", ""python"", ""команды"", ""основы_python""]"
87;Python;"[""менеджер_пакетов"", ""python"", ""pip"", ""conda"", ""easy_install"", ""poetry"", ""управление_зависимостями""]"
88;Python;"[""numpy"", ""преимущества_numpy"", ""оптимизация_памяти"", ""матричные_операции"", ""векторизованные_вычисления"", ""python""]"
89;Python;"[""замыкание"", ""статическая_переменная"", ""внутренняя_функция"", ""nonlocal"", ""python"", ""функции""]"
90;Python;"[""генератор"", ""итератор"", ""yield"", ""return"", ""цикл_for"", ""python""]"
91;Python;"[""python"", ""хэш-таблица"", ""структура_данных"", ""имплементация"", ""программирование"", ""классы""]"
92;Python;"[""однострочник"", ""обработка_файлов"", ""подсчет_заглавных_букв"", ""python"", ""file_handling"", ""uppercase_count""]"
93;Python;"[""файлы_pth"", ""импорт_модулей"", ""python"", ""sys.path"", ""безопасность"", ""модули""]"
94;Python;"[""collections"", ""itertools"", ""defaultdict"", ""counter"", ""namedtuple"", ""chain"", ""groupby"", ""combinations"", ""permutations"", ""функции_python"", ""работа_с_данными""]"
95;Python;"[""оптимизация_кода"", ""скомпилированный_код"", ""python"", ""pythonoptimize"", ""ускорение_выполнения"", ""docstrings"", ""assert_statements""]"
96;Python;"[""списки"", ""циклы"", ""enumerate"", ""кортежи"", ""python"", ""присваивание_ссылок""]"
97;Python;"[""переменные_среды"", ""интерпретатор"", ""pythonpath"", ""pythondontwritebytecode"", ""pythonstartup"", ""pythonioencoding"", ""pythonlegacywindowsstdio"", ""кодировка"", ""ввод_вывод""]"
98;Python;"[""cython"", ""ironpython"", ""pypy"", ""производительность_python"", ""компилятор"", ""реализации_python"", ""python_c/c++_интеграция""]"
99;Python;"[""перевернуть_генератор"", ""reversed"", ""генератор"", ""python"", ""итерация"", ""обратный_порядок""]"
100;Python;"[""filter"", ""reduce"", ""итерируемые_объекты"", ""функциональное_программирование"", ""lambda_функции"", ""суммирование_элементов""]"
101;Python;"[""переменная"", ""циклы"", ""использование_подчеркивания"", ""python"", ""программирование"", ""особенности_языка""]"
102;Python;"[""циклы"", ""python"", ""range"", ""итерация"", ""программирование"", ""основы_python""]"
103;Python;"[""циклы"", ""python"", ""итерация"", ""переменная_подчеркивание"", ""списки"", ""программирование""]"
104;Python;"[""циклы"", ""переменные"", ""python"", ""использование_подчеркивания"", ""управление_циклом"", ""вывод_данных""]"
105;Programming;"[""фреймворк_vs_библиотека"", ""разработка_программного_обеспечения"", ""programming"", ""framework"", ""library"", ""software_development""]"
106;Python;"[""эффективность_алгоритмов"", ""сортировка"", ""фильтрация"", ""временная_сложность"", ""python"", ""алгоритмы""]"
107;Python;"[""отладка"", ""memory_profiler"", ""objgraph"", ""управление_памятью"", ""python"", ""профилирование""]"
108;Python;"[""notimplementederror"", ""исключения"", ""наследование"", ""методы"", ""отладка"", ""python""]"
109;Python;"[""отладка"", ""инварианты"", ""assert"", ""python"", ""ошибки"", ""debug_mode""]"
110;Python;"[""магические_методы"", ""dunder"", ""специальные_методы"", ""операторы"", ""сериализация"", ""python""]"
111;Python;"[""name_mangling"", ""приватные_атрибуты"", ""программирование"", ""инкапсуляция"", ""python"", ""классы""]"
112;Python;"[""monkey_patching"", ""динамическая_замена"", ""изменение_поведения"", ""runtime"", ""python"", ""пример_кода""]"
113;Python;"[""транзитивные_зависимости"", ""управление_зависимостями"", ""pipenv"", ""poetry"", ""pip"", ""виртуальное_окружение""]"
114;Python;"[""python"", ""pyscript"", ""веб_разработка"", ""специальные_переменные"", ""html""]"
115;Python;"[""новые_функции"", ""структурное_сопоставление_с_шаблоном"", ""менеджеры_контекста"", ""сообщения_об_ошибках"", ""улучшения_производительности"", ""python3.10"", ""языковые_улучшения""]"
116;Python;"[""запуск_python"", ""производительность"", ""windows"", ""антивирусное_программное_обеспечение"", ""зависимости_модулей"", ""неэффективный_код"", ""оптимизация_кода""]"
117;Python;"[""быстрый_прототип"", ""читабельность_кода"", ""машинное_обучение"", ""наука_о_данных"", ""веб-разработка"", ""batteries_included"", ""python""]"
118;Python;"[""недостатки_python"", ""производительность"", ""глобальный_интерпретатор"", ""многопоточность"", ""управление_памятью"", ""гибкость"", ""типизация""]"
119;Python;"[""программирование"", ""язык_программирования"", ""преимущества"", ""недостатки"", ""python"", ""подводные_камни""]"
120;Python;"[""различия_python2_python3"", ""синтаксис"", ""unicode"", ""исправления_ошибок"", ""стандартная_библиотека"", ""адаптация_кода"", ""python_vs_java"", ""динамическая_типизация"", ""статическая_типизация"", ""лаконичный_код"", ""научные_вычисления"", ""машинное_обучение"", ""крупномасштабные_приложения"", ""мобильные_приложения"", ""выбор_языка_программирования""]"
121;Python;"[""методы"", ""классы"", ""экземпляр_класса"", ""python"", ""объектно-ориентированное_программирование"", ""инициализация""]"
122;Python;"[""наследование"", ""вызов_родительского_метода"", ""super()"", ""переопределение_метода"", ""классы"", ""python""]"
123;Python;"[""наследование"", ""классы"", ""python"", ""переопределение_методов"", ""базовый_класс"", ""организация_кода""]"
124;Python;"[""имя_модуля"", ""python"", ""основы"", ""выполнение_кода"", ""специальные_переменные"", ""модульность""]"
125;Python;"[""взаимодействие_python_c"", ""ctypes"", ""cffi"", ""динамическая_библиотека"", ""python"", ""c""]"
126;Python;"[""преобразование_типов"", ""число_в_строку"", ""python"", ""str"", ""основы""]"
127;Python;"[""словари"", ""хэш-таблицы"", ""python"", ""алгоритм_хэширования"", ""коллизии"", ""структуры_данных""]"
128;Python;"[""unicode"", ""строки"", ""python3"", ""префикс_u"", ""типы_данных"", ""python""]"
129;Python;"[""перебор_последовательности"", ""циклы"", ""range"", ""python"", ""встроенные_функции"", ""цикл_for""]"
130;Python;"[""операторы_управления"", ""match-case"", ""python3.10"", ""структуры_данных"", ""условные_выражения"", ""аналог_switch-case""]"
131;Python;"[""python"", ""управление_потоком"", ""if_elif_else"", ""словари"", ""читаемость_кода"", ""особенности_языка""]"
132;Python;"[""python"", ""оператор_pass"", ""синтаксис"", ""блок_кода"", ""управление_потоком"", ""бездействие""]"
133;Python;"[""регулярные_выражения"", ""стандартная_библиотека"", ""re"", ""python"", ""поиск_совпадений"", ""работа_с_текстом""]"
134;Python;"[""сопоставление_с_образцом"", ""isinstance"", ""операторы_сравнения"", ""диапазон_чисел"", ""python""]"
135;Python;"[""регулярные_выражения"", ""электронная_почта"", ""валидация"", ""re"", ""python"", ""email_validation""]"
136;Python;"[""сборка_мусора"", ""автоматическая_очистка_памяти"", ""управление_памятью"", ""счетчик_ссылок"", ""генерационный_сборщик_мусора"", ""gc"", ""memory_management""]"
137;Python;"[""управление_памятью"", ""сборка_мусора"", ""кэширование"", ""memory_management"", ""garbage_collection"", ""optimization""]"
138;Python;"[""освобождение_памяти"", ""сборщик_мусора"", ""Python"", ""gc_collect"", ""memory_leak"", ""memory_profiler"", ""objgraph""]"
139;Python;"[""освобождение_памяти"", ""сборщик_мусора"", ""python"", ""управление_памятью"", ""объекты"", ""удаление_объектов""]"
140;Python;"[""распаковка_списка"", ""переменные"", ""python"", ""оператор_распаковки"", ""списки"", ""присвоение_значений""]"
141;Python;"[""передача_параметров"", ""аргументы_функции"", ""обязательные_аргументы"", ""необязательные_аргументы"", ""python"", ""args_kwargs""]"
142;Python;"[""args"", ""kwargs"", ""функции"", ""переменное_количество_аргументов"", ""python"", ""параметры""]"
143;Python;"[""передача_параметров"", ""необязательные_параметры"", ""ключевые_параметры"", ""функции"", ""args"", ""kwargs"", ""python""]"
144;Python;"[""функциональное_программирование"", ""анонимные_функции"", ""python"", ""lambda"", ""лямбда-функции"", ""выражения""]"
145;Python;"[""создание_пакета"", ""python"", ""init.py"", ""setup.py"", ""pip"", ""дистрибутив""]"
146;Python;"[""оператор_with"", ""контекстный_менеджер"", ""работа_с_файлами"", ""работа_с_базами_данных"", ""автоматическое_закрытие_ресурсов"", ""python""]"
147;Python;"[""monkey_patching"", ""динамическое_изменение_поведения"", ""python"", ""пример_кода"", ""работа_с_датой"", ""изменение_методов""]"
148;Python;"[""сериализация"", ""десериализация"", ""модуль_pickle"", ""модуль_json"", ""безопасность"", ""python""]"
149;Python;"[""функции_высшего_порядка"", ""функциональное_программирование"", ""python"", ""map"", ""filter"", ""reduce"", ""примеры_кода""]"
150;Python;"[""копирование_файлов"", ""копирование_объектов"", ""python"", ""shutil"", ""copy"", ""глубокая_копия"", ""поверхностная_копия""]"
151;Python;"[""наследование"", ""классы"", ""подклассы"", ""суперкласс"", ""переопределение_методов"", ""python""]"
152;Python;"[""наследование"", ""объектно-ориентированное_программирование"", ""python"", ""классы"", ""методы"", ""иерархическое_наследование""]"
153;Python;"[""типы_данных"", ""наследование"", ""python"", ""type"", ""isinstance"", ""issubclass"", ""определение_типа"", ""проверка_наследования""]"
154;Python;"[""алгоритмы"", ""сортировка"", ""python"", ""обработка_данных"", ""программирование"", ""sorting_algorithms""]"
155;Python;"[""удаление_элемента"", ""списки"", ""python"", ""list_pop_method"", ""работа_со_списками""]"
156;Python;"[""отрицательные_индексы"", ""работа_с_списками"", ""работа_с_строками"", ""индексация"", ""python"", ""примеры_кода""]"
157;Python;"[""re"", ""регулярные_выражения"", ""split"", ""sub"", ""subn"", ""методы""]"
158;Python;"[""функции"", ""встроенные_функции"", ""python"", ""map"", ""применение_функций"", ""последовательности""]"
159;Python;"[""numpy"", ""индексы_максимальных_значений"", ""argsort"", ""argmax"", ""обработка_массивов"", ""python""]"
160;Python;"[""модуль"", ""импорт"", ""функциональность"", ""переменные"", ""функции"", ""классы""]"
161;Python;"[""модули_работы_с_файлами"", ""python"", ""os"", ""sys"", ""pathlib"", ""io"", ""shutil"", ""glob""]"
162;Python;"[""типы_последовательностей"", ""строки"", ""списки"", ""кортежи"", ""python"", ""sequences""]"
163;Python;"[""python"", ""работа_с_файлами"", ""списки"", ""обратный_порядок"", ""readlines"", ""reverse""]"
164;Python;"[""научные_вычисления"", ""многомерные_массивы"", ""обработка_данных"", ""numpy"", ""scipy"", ""python""]"
165;Python;"[""списки"", ""индексация"", ""python"", ""последний_элемент"", ""отрицательные_индексы""]"
166;Python;"[""открытие_файла"", ""запись_в_файл"", ""python"", ""работа_с_файлами"", ""менеджер_контекста"", ""экранирование""]"
167;Python;"[""модули_python"", ""статистические_вычисления"", ""числовые_вычисления"", ""научные_вычисления"", ""numpy"", ""scipy"", ""pandas"", ""matplotlib"", ""seaborn"", ""statsmodels"", ""scikit-learn"", ""tensorflow"", ""pytorch"", ""sympy""]"
168;Python;"[""графический_интерфейс"", ""настольные_приложения"", ""python"", ""tkinter"", ""gui"", ""кросс-платформенность""]"
169;Python;"[""объектно-ориентированное_программирование"", ""ооп"", ""python"", ""классы"", ""наследование"", ""инкапсуляция"", ""полиморфизм""]"
170;Python;"[""абстрактные_базовые_классы"", ""наследование"", ""python"", ""abc"", ""абстрактные_методы"", ""интерфейсы""]"
171;Python;"[""аксессоры"", ""мутаторы"", ""@property"", ""python"", ""декоратор"", ""геттер_и_сеттер"", ""объектно_ориентированное_программирование""]"
172;Python;"[""append_vs_extend"", ""списки"", ""методы"", ""python"", ""добавление_элементов"", ""объединение_списков""]"
173;Python;"[""функциональное_программирование"", ""lambda"", ""функции_высшего_порядка"", ""map"", ""filter"", ""reduce"", ""генераторы"", ""декораторы"", ""python""]"
174;Python;"[""типы_ошибок"", ""map"", ""list"", ""преобразование_типов"", ""python3"", ""длина_списка""]"
175;Python;"[""python"", ""длина_списка"", ""map"", ""преобразование_типов"", ""списки""]"
176;Python;"[""множества"", ""синтаксис"", ""типы_данных"", ""python"", ""ошибки"", ""преобразование_типов""]"
177;Python;"[""палиндром"", ""строки"", ""функция"", ""срезы"", ""цикл"", ""python"", ""алгоритм""]"
178;Python;"[""вычисление_суммы"", ""список_чисел"", ""цикл_for"", ""sum_function"", ""python"", ""программирование""]"
179;Python;"[""базы_данных"", ""mysql"", ""python"", ""mysql_connector_python"", ""работа_с_базами"", ""выборка_данных""]"
180;Python;"[""python"", ""чтение_файла"", ""случайная_строка"", ""работа_с_файлами"", ""модуль_random""]"
181;Python;"[""работа_с_файлами"", ""подсчет_строк"", ""python"", ""чтение_файла"", ""file_handling"", ""line_count""]"
182;Python;"[""ключевые_особенности"", ""простой_синтаксис"", ""интерпретируемый"", ""кросс-платформенность"", ""библиотеки"", ""объектно-ориентированное_программирование"", ""динамическая_типизация"", ""функциональное_программирование""]"
183;Python;"[""тернарный_оператор"", ""условное_выражение"", ""python"", ""синтаксис"", ""примеры_кода"", ""читабельность_кода""]"
184;Python;"[""многопоточность"", ""threading"", ""производительность"", ""python"", ""асинхронность"", ""потоки""]"
185;Python;"[""help()"", ""dir()"", ""встроенные_функции"", ""документация"", ""атрибуты_и_методы"", ""python""]"
186;Python;"[""структуры_данных"", ""словарь"", ""ключ-значение"", ""python_dictionary"", ""работа_со_словарями"", ""dictionary_methods""]"
187;Python;"[""python"", ""ключи_словаря"", ""программирование"", ""dict_keys"", ""итерируемый_объект"", ""преобразование_в_список""]"
188;Python;"[""python"", ""файлы"", ""обработка_текста"", ""подсчет_символов"", ""isupper"", ""работа_с_файлами""]"
189;Python;"[""рандомизация_списка"", ""in-place"", ""shuffle"", ""random"", ""список"", ""python""]"
190;Python;"[""списки"", ""строки"", ""методы"", ""join"", ""split"", ""обработка_текста""]"
191;Python;"[""чувствительность_к_регистру"", ""python"", ""переменные"", ""функции"", ""методы_строк"", ""пример_кода""]"
192;Python;"[""обработка_строк"", ""удаление_пробелов"", ""python"", ""lstrip"", ""strip"", ""строки""]"
193;Python;"[""оператор_pass"", ""заполнитель_кода"", ""python"", ""пустой_оператор"", ""структура_кода"", ""разработка""]"
194;Python;"[""замыкание"", ""closure"", ""функции"", ""functions"", ""область_видимости"", ""scope"", ""свободные_переменные"", ""free_variables""]"
195;Python;"[""операторы"", ""целочисленное_деление"", ""остаток_от_деления"", ""возведение_в_степень"", ""python_operators"", ""integer_division"", ""modulus"", ""exponentiation""]"
196;Python;"[""арифметические_операторы"", ""операторы"", ""python"", ""вычисления"", ""программирование"", ""основы""]"
197;Python;"[""операторы_сравнения"", ""булево_значение"", ""python"", ""условия"", ""true_false""]"
198;Python;"[""операторы_присваивания"", ""переменные"", ""python"", ""walrus_оператор"", ""сокращенная_запись""]"
199;Python;"[""логические_операторы"", ""and_or_not"", ""программирование"", ""основы_python"", ""ленивое_вычисление"", ""python""]"
200;Python;"[""оператор_членства"", ""in_not_in"", ""принадлежность_элемента"", ""последовательности"", ""коллекции"", ""python""]"
201;Python;"[""операторы_идентификации"", ""is"", ""is_not"", ""сравнение_объектов"", ""python"", ""память""]"
202;Python;"[""побитовые_операторы"", ""бинарные_операции"", ""python"", ""операторы"", ""битовые_операции"", ""программирование""]"
203;Python;"[""системы_счисления"", ""python"", ""преобразование_типов"", ""встроенные_функции"", ""форматирование"", ""работа_с_числами""]"
204;Python;"[""приватные_идентификаторы"", ""внутренняя_реализация"", ""python"", ""инкапсуляция"", ""специальные_символы""]"
205;Python;"[""множественное_присваивание"", ""переменные"", ""python"", ""операторы"", ""присваивание"", ""инициализация""]"
206;Python;"[""распаковка_кортежа"", ""tuple_unpacking"", ""python"", ""программирование"", ""кортежи"", ""tuples"", ""переменные"", ""variables""]"
207;Python;"[""slice"", ""срез"", ""списки"", ""кортежи"", ""строки"", ""python""]"
208;Python;"[""именованный_кортеж"", ""структуры_данных"", ""python"", ""collections"", ""namedtuple"", ""объектно_ориентированное_программирование""]"
209;Python;"[""преобразование_типов"", ""строки_в_числа"", ""int"", ""valueerror"", ""основание_системы_счисления"", ""python""]"
210;Python;"[""ввод_данных"", ""input"", ""чтение_файлов"", ""open"", ""python"", ""работа_с_файлами""]"
211;Python;"[""замороженный_набор"", ""frozenset"", ""неизменяемый_тип"", ""python"", ""хешируемые_объекты"", ""использование_в_словарях""]"
212;Python;"[""генерация_случайных_чисел"", ""встроенный_модуль"", ""python"", ""random"", ""randint"", ""import""]"
213;Python;"[""строки"", ""методы_строк"", ""capitalize"", ""title"", ""upper"", ""обработка_строк"", ""python""]"
214;Python;"[""проверка_строк"", ""буквенно-цифровые_символы"", ""isalnum"", ""isalpha"", ""isdigit"", ""python""]"
215;Python;"[""конкатенация"", ""строки"", ""оператор_плюс"", ""метод_join"", ""python"", ""программирование""]"
216;Python;"[""функция"", ""python"", ""def"", ""возвращение_значения"", ""аргументы"", ""базовые_концепции""]"
217;Python;"[""рекурсия"", ""функция"", ""факториал"", ""python"", ""программирование"", ""базовые_концепции""]"
218;Python;"[""python"", ""функции"", ""списки"", ""итераторы"", ""кортежи"", ""работа_с_данными""]"
219;Python;"[""бесконечный_цикл"", ""обработка_сигналов"", ""python"", ""ctrl_c"", ""cmd_c"", ""break"", ""keyboardinterrupt"", ""try_except""]"
220;Python;"[""python"", ""работа_с_файлами"", ""os"", ""текущий_каталог"", ""получение_пути"", ""работа_с_директориями""]"
221;Python;"[""регулярные_выражения"", ""поиск_в_строке"", ""python"", ""regex"", ""рифма"", ""обработка_текста""]"
222;Python;"[""вычисление_длины_строки"", ""len()"", ""python"", ""строки"", ""функции"", ""примеры_кода""]"
223;Python;"[""основы_python"", ""python_basics"", ""функции"", ""functions"", ""аргументы_по_умолчанию"", ""default_arguments"", ""изменяемые_типы_данных"", ""mutable_data_types""]"
224;Python;"[""декораторы"", ""функции"", ""время_выполнения"", ""python"", ""программирование"", ""определение_декоратора""]"
225;Python;"[""декораторы"", ""функции"", ""логирование"", ""python"", ""пример_кода"", ""обертывание_функций""]"
226;Python;"[""функция_range"", ""python"", ""генерация_последовательностей"", ""аргументы_функции"", ""цикл_for"", ""основы_python""]"
227;Python;"[""отладка"", ""debugging"", ""pycharm"", ""pdb"", ""python"", ""точка_останова"", ""команды""]"
228;Python;"[""отладка"", ""pdb"", ""команды_pdb"", ""debugging"", ""python_debugging"", ""код""]"
229;Python;"[""отладка"", ""debugging"", ""pdb"", ""python"", ""команды_отладки"", ""интерактивная_консоль""]"
230;Python;"[""счетчик"", ""класс_counter"", ""collections"", ""структуры_данных"", ""работа_с_коллекциями"", ""python""]"
231;Python;"[""numpy"", ""массивы"", ""инициализация_массива"", ""python"", ""пустой_массив"", ""создание_массива""]"
232;Python;"[""nonlocal"", ""вложенные_функции"", ""изменение_переменных"", ""python""]"
233;Python;"[""глобальная_переменная"", ""область_видимости"", ""ключевое_слово"", ""python"", ""global"", ""переменные""]"
234;Python;"[""исполняемый_скрипт"", ""unix"", ""шебанг"", ""chmod"", ""терминал"", ""python""]"
235;Python;"[""удаление_файлов"", ""работа_с_файлами"", ""os"", ""shutil"", ""python"", ""файловая_система""]"
236;Python;"[""аксессоры"", ""мутаторы"", ""декораторы"", ""property"", ""python"", ""ооп"", ""getter_setter""]"
237;Python;"[""списки"", ""методы"", ""append"", ""extend"", ""python"", ""добавление_элементов""]"
238;Python;"[""переопределение_методов"", ""наследование"", ""классы"", ""python"", ""object-oriented_programming"", ""oop""]"
239;Python;"[""json"", ""конвертация_данных"", ""работа_с_файлами"", ""python"", ""объектно-ориентированное_программирование"", ""сериализация""]"
240;Python;"[""запуск_скрипта"", ""командная_строка"", ""ide"", ""python"", ""pip"", ""отладка_кода""]"
241;Python;"[""обработка_исключений"", ""try_except_finally"", ""raise"", ""python"", ""кодирование"", ""исключения""]"
242;Python;"[""обработка_ошибок"", ""исключения"", ""try_except"", ""python"", ""zero_division_error"", ""value_error""]"
243;Python;"[""пространство_имен"", ""namespaces"", ""python"", ""глобальное_пространство"", ""локальное_пространство"", ""встроенные_функции""]"
244;Python;"[""пространства_имён"", ""глобальные_переменные"", ""локальные_переменные"", ""python"", ""область_видимости"", ""встроенное_пространство_имён"", ""найменованные_пространства_имён""]"
245;Python;"[""тройные_кавычки"", ""многострочные_строки"", ""вложенные_кавычки"", ""python"", ""string"", ""multiline""]"
246;Python;"[""семантическое_версионирование"", ""версии_python"", ""major_minor_patch"", ""python"", ""обновление_кода"", ""совместимость""]"
247;Python;"[""поиск_файла"", ""работа_с_модулями"", ""командная_строка"", ""python"", ""locate"", ""dir"", ""импорт_модуля""]"
248;Python;"[""обработка_сигналов"", ""асинхронный_ввод-вывод"", ""многопоточность"", ""python"", ""signal"", ""sys.exit""]"
249;Python;"[""отправка_почты"", ""python"", ""smtplib"", ""электронная_почта"", ""gmail"", ""пример_кода""]"
250;Python;"[""реализация"", ""implementation"", ""интерпретаторы"", ""инструкции"", ""python_реализации"", ""cpython"", ""динамическая_типизация""]"
251;Python;"[""операторы_потока_управления"", ""if_else"", ""цикл_for"", ""цикл_while"", ""условные_операторы"", ""python""]"
252;Python;"[""циклы"", ""for"", ""while"", ""итерация"", ""условие"", ""python""]"
253;Python;"[""python"", ""циклы"", ""оператор_while"", ""оператор_for"", ""условные_операторы"", ""логические_выражения""]"
254;Python;"[""условные_операторы"", ""python"", ""syntax_error"", ""синтаксическая_ошибка"", ""else"", ""особенности_языка""]"
255;Python;"[""операторы_управления"", ""циклы"", ""break"", ""continue"", ""примеры_кода"", ""управление_потоком""]"
256;Python;"[""оператор_continue"", ""цикл_for"", ""управление_циклом"", ""python"", ""программирование"", ""итерация""]"
257;Python;"[""оператор_break"", ""цикл_for"", ""условия_выхода_из_цикла"", ""python"", ""прерывание_цикла"", ""поиск_элемента""]"
258;Python;"[""цикл_for"", ""итерация"", ""последовательность"", ""python"", ""for_loop"", ""code_structure""]"
259;Python;"[""цикл_while"", ""контроль_потока"", ""основы_python"", ""циклы"", ""условные_операторы"", ""бесконечный_цикл""]"
260;Python;"[""цикл_for"", ""перебор_символов"", ""python"", ""строки"", ""печать_символов"", ""итерация""]"
261;Python;"[""цикл_for"", ""условные_операторы"", ""строки"", ""исключение_символов"", ""python"", ""программирование""]"
262;Python;"[""цикл_for"", ""строки"", ""python"", ""исключение_пробелов"", ""вывод_символов""]"
263;Python;"[""кортеж"", ""tuple"", ""неизменяемость"", ""упорядоченная_последовательность"", ""python_структуры_данных"", ""распаковка_значений""]"
264;Python;"[""словарь"", ""структура_данных"", ""ключ-значение"", ""dictionary"", ""key-value"", ""изменяемые_значения""]"
265;Python;"[""пути_к_модулям"", ""sys.path"", ""импорт_модулей"", ""добавление_пути"", ""python"", ""работа_с_модулями""]"
266;Python;"[""пакеты"", ""модули"", ""структура_проекта"", ""инициализация"", ""импорт"", ""python"", ""абсолютный_импорт"", ""относительный_импорт""]"
267;Python;"[""обработка_файлов"", ""чтение_файла"", ""запись_файла"", ""python"", ""csv"", ""json"", ""xml""]"
268;Python;"[""ошибки_времени_выполнения"", ""runtime_errors"", ""исключения"", ""exceptions"", ""python"", ""обработка_ошибок"", ""error_handling""]"
269;Python;"[""аномальное_завершение"", ""обработка_ошибок"", ""исключения"", ""runtime_error"", ""syntax_error"", ""try_except""]"
270;Python;"[""обработка_исключений"", ""try_except"", ""python"", ""исключения"", ""блок_try"", ""блок_except"", ""блок_finally""]"
271;Python;"[""конструкторы"", ""методы"", ""инициализация_объекта"", ""python"", ""классы"", ""определение_класса""]"
272;Python;"[""инкапсуляция"", ""объектно-ориентированное_программирование"", ""python"", ""приватные_атрибуты"", ""публичные_методы"", ""принципы_oop""]"
273;Python;"[""dml"", ""базы_данных"", ""psycopg2"", ""sqlite3"", ""выполнение_запросов"", ""python""]"
274;Python;"[""жизненный_цикл_потоков"", ""thread_lifecycle"", ""python"", ""многопоточность"", ""threading"", ""состояния_потоков"", ""управление_потоками""]"
275;Python;"[""планирование_задач"", ""автоматизация"", ""sched"", ""python"", ""скрипты"", ""расписание""]"
276;Python;"[""цикл_for"", ""итерируемый_объект"", ""исключения"", ""python"", ""iteration"", ""exceptions""]"
277;Python;"[""python"", ""ос_модуль"", ""работа_с_файлами"", ""управление_директориями"", ""переменные_окружения"", ""запуск_внешних_программ"", ""файловая_система""]"
278;Python;"[""веб-разработка"", ""наука_о_данных"", ""машинное_обучение"", ""искусственный_интеллект"", ""научные_вычисления"", ""разработка_игр"", ""настольные_приложения"", ""сетевое_программирование"", ""образование"", ""python""]"
279;Python;"[""интерпретируемый_язык"", ""исходный_код"", ""python"", ""машинный_язык"", ""программирование""]"
280;Python;"[""статический_анализ"", ""поиск_ошибок"", ""pychecker"", ""pylint"", ""flake8"", ""pycharm"", ""mypy"", ""bandit"", ""prospector"", ""pylintbear""]"
281;Python;"[""pass"", ""заглушка"", ""управляющие_структуры"", ""if_else"", ""блоки_кода"", ""python""]"
282;Python;"[""python"", ""итераторы"", ""slicing"", ""программирование"", ""работа_с_коллекциями"", ""выборка_подстроки"", ""методы_iter_и_next""]"
283;Python;"[""генераторы"", ""итераторы"", ""yield"", ""функции"", ""обработка_данных"", ""python""]"
284;Python;"[""итератор"", ""цикл_for"", ""исключение_stopiteration"", ""метод_next"", ""python"", ""перебор_элементов""]"
285;Python;"[""генераторы"", ""итераторы"", ""python"", ""основы_программирования"", ""циклы"", ""эффективность_кода""]"
286;Python;"[""копирование_объектов"", ""copy"", ""deepcopy"", ""срезы"", ""поверхностное_копирование"", ""глубокое_копирование""]"
287;Python;"[""преобразование_типов"", ""строки"", ""числа"", ""python"", ""str"", ""int""]"
288;Python;"[""модуль"", ""пакет"", ""импорт"", ""организация_кода"", ""python"", ""структура_проекта""]"
289;Python;"[""переменные"", ""глобальные_переменные"", ""локальные_переменные"", ""область_видимости"", ""python"", ""global""]"
290;Python;"[""удаление_файлов"", ""работа_с_директориями"", ""os"", ""shutil"", ""python"", ""файловая_система""]"
291;Python;"[""целочисленное_деление"", ""оператор_деления"", ""python"", ""арифметические_операции"", ""базовые_концепции""]"
292;Python;"[""преимущества_python"", ""кроссплатформенность"", ""библиотеки"", ""интерактивный_режим"", ""сообщество"", ""масштабируемость"", ""обучение""]"
293;Python;"[""веб-фреймворки"", ""django"", ""pyramid"", ""flask"", ""разработка_веб-приложений"", ""python""]"
294;Python;"[""минимизация_простоя"", ""memcached"", ""python"", ""кэширование"", ""pymemcache"", ""работа_с_данными""]"
295;Python;"[""эффект_dogpile"", ""кэширование"", ""mutex"", ""замок"", ""блокировка"", ""python"", ""производительность""]"
296;Python;"[""memcached"", ""кэширование_данных"", ""масштабируемость"", ""устаревание_данных"", ""альтернативы"", ""redis"", ""couchbase""]"
297;Python;"[""memcached"", ""серверы"", ""администрирование"", ""управление_серверами"", ""python"", ""обработка_ошибок""]"
298;Python;"[""минимизация_отключений"", ""memcached"", ""python-memcached"", ""pymemcache"", ""балансировщик_нагрузки"", ""мониторинг""]"
299;Python;"[""list_comprehension"", ""создание_списков"", ""python"", ""условия"", ""циклы"", ""обработка_данных""]"
300;Python;"[""лямбда_выражения"", ""генераторы_списков"", ""выражения_генераторы"", ""python"", ""анонимные_функции"", ""итераторы""]"
301;Python;"[""замыкание"", ""циклы"", ""lambda"", ""списковое_включение"", ""python""]"
302;Python;"[""интерпретируемый_язык"", ""компиляция"", ""байт-код"", ""cpython"", ""pypy"", ""jit_компиляция"", ""python""]"
303;Python;"[""альтернативные_реализации"", ""jython"", ""ironpython"", ""pypy"", ""stackless_python"", ""micropython"", ""интеграция_с_java"", ""интеграция_с_.net"", ""jit_компиляция"", ""многопоточность"", ""встраиваемые_устройства""]"
304;Python;"[""unittest"", ""модульное_тестирование"", ""тестирование"", ""python"", ""mock"", ""тестовые_случаи"", ""код_качество""]"
305;Python;"[""модульное_тестирование"", ""unittest"", ""pytest"", ""тестирование_кода"", ""python"", ""пример_кода"", ""assert""]"
306;Python;"[""flask"", ""микрофреймворк"", ""веб_приложения"", ""простота_использования"", ""гибкость"", ""расширяемость""]"
307;Python;"[""flask-wtf"", ""web-формы"", ""csrf_защита"", ""xss_защита"", ""валидация_форм"", ""python""]"
308;Python;"[""flask"", ""веб-фреймворк"", ""mvc"", ""модель"", ""представление"", ""контроллер"", ""маршруты""]"
309;Python;"[""flask"", ""сессии"", ""python"", ""управление_сессиями"", ""веб_разработка"", ""безопасность""]"
310;Python;"[""flask"", ""mvc"", ""модель-представление-контроллер"", ""веб-разработка"", ""python"", ""архитектура_приложения""]"
311;Python;"[""flask"", ""sqlalchemy"", ""база_данных"", ""sqlite"", ""подключение_к_базе"", ""python""]"
312;Python;"[""сортировка_пузырьком"", ""алгоритмы"", ""python"", ""сортировка"", ""программирование"", ""обработка_данных""]"
313;Python;"[""проверка_утечки_памяти"", ""linux"", ""valgrind"", ""tracemalloc"", ""отладка"", ""python""]"
314;Python;"[""возвращение_множественных_значений"", ""функции"", ""кортежи"", ""списки"", ""python"", ""пример_кода""]"
315;Python;"[""обмен_значениями"", ""множественное_присваивание"", ""python"", ""переменные"", ""temp_variable"", ""краткость_и_понятность""]"
316;Python;"[""управление_памятью"", ""сборщик_мусора"", ""счетчик_ссылок"", ""автоматическое_освобождение_памяти"", ""python"", ""memory_management""]"
317;Python;"[""возвращаемое_значение"", ""функции"", ""none"", ""оператор_return"", ""основы_python"", ""python""]"
318;Python;"[""python"", ""списки"", ""переворот_списка"", ""методы"", ""reverse"", ""reversed"", ""срезы""]"
319;Python;"[""слияние_списков"", ""алгоритмы"", ""python"", ""сортировка"", ""объединение_списков"", ""программирование""]"
320;Python;"[""чтение_файлов"", ""python"", ""readline"", ""readlines"", ""цикл_while"", ""цикл_for"", ""работа_с_файлами""]"
321;Python;"[""стандартные_библиотеки"", ""python"", ""библиотеки"", ""программирование"", ""datetime"", ""math"", ""random"", ""re"", ""json"", ""csv""]"
322;Python;"[""размер_целого_числа"", ""платформа"", ""байты"", ""биты"", ""decimal"", ""python""]"
323;Python;"[""сериализация"", ""json"", ""pickle"", ""yaml"", ""xml"", ""avro"", ""python_форматы_сериализации""]"
324;Python;"[""управление_памятью"", ""сборщик_мусора"", ""подсчет_ссылок"", ""gc"", ""автоматическое_управление_памятью"", ""garbage_collection"", ""reference_counting""]"
325;Python;"[""неизменяемый_тип"", ""immutable"", ""кортеж"", ""tuple"", ""структуры_данных"", ""data_structures"", ""особенности_python""]"
326;Python;"[""структуры_данных"", ""list"", ""dictionary"", ""set"", ""tuple"", ""основы_python""]"
327;Python;"[""python_vs_scala"", ""spark"", ""производительность"", ""big_data"", ""выбор_языка"", ""начинающие_разработчики""]"
328;Python;"[""paramiko"", ""ssh"", ""работа_с_файлами"", ""удаленный_доступ"", ""копирование_файлов"", ""python""]"
329;Python;"[""list_comprehension"", ""циклы"", ""списки"", ""конструкции"", ""условия"", ""генерация_списков""]"
330;Python;"[""выполнение_java_кода"", ""jpype"", ""python"", ""java"", ""интеграция_java_python"", ""установка_библиотеки""]"
331;Linux;"[""поиск_pid"", ""использование_ресурсов"", ""ps"", ""top"", ""командная_строка"", ""процессорное_использование"", ""использование_памяти""]"
332;Python;"[""обработка_данных"", ""инструменты_приема_данных"", ""pandas"", ""petl"", ""bonobo"", ""beautiful_soup"", ""airflow"", ""azure"", ""etl""]"
333;Python;"[""выполнение_кода"", ""лексический_анализ"", ""синтаксический_анализ"", ""компиляция"", ""интерпретация"", ""байт-код"", ""python""]"
334;Python;"[""привязка_значений"", ""переменные"", ""объекты"", ""память"", ""python""]"
335;Python;"[""создание_списка"", ""list"", ""генератор_списка"", ""append"", ""структуры_данных"", ""основы_python""]"
336;Python;"[""создание_словарей"", ""python"", ""цикл_for"", ""comprehension"", ""ключевое_слово_dict"", ""фигурные_скобки""]"
337;Python;"[""list_comprehension"", ""генераторы"", ""производительность"", ""синтаксис"", ""python"", ""циклы""]"
338;Python;"[""наследование"", ""классы"", ""методы"", ""python"", ""объектно_ориентированное_программирование"", ""oop""]"
339;Python;"[""инициализация_класса"", ""исключения"", ""python"", ""ошибка_init"", ""typeerror"", ""zero_division_error""]"
340;Python;"[""деление_на_ноль"", ""исключения"", ""zero_division_error"", ""try_except"", ""обработка_ошибок"", ""python""]"
341;Python;"[""переменные_экземпляра"", ""переменные_класса"", ""инициализация"", ""python"", ""классы"", ""объектно_ориентированное_программирование""]"
342;Python;"[""python"", ""встроенные_функции"", ""map"", ""reduce"", ""filter"", ""обработка_коллекций""]"
343;Python;"[""генераторы"", ""python"", ""yield"", ""итераторы"", ""функции"", ""обработка_данных""]"
344;Python;"[""итераторы"", ""цикл_for"", ""python"", ""метод_iter"", ""метод_next"", ""исключение_stopiteration""]"
345;Python;"[""генераторы"", ""итераторы"", ""python"", ""пример_кода"", ""цикл_for"", ""yield""]"
346;Python;"[""итераторы"", ""генераторы"", ""yield"", ""цикл_for"", ""python"", ""функции""]"
347;Python;"[""итераторы"", ""генераторы"", ""yield"", ""python"", ""программирование"", ""циклы""]"
348;Python;"[""mro"", ""множественное_наследование"", ""алгоритм_c3"", ""python"", ""наследование"", ""method_resolution_order""]"
349;Python;"[""разница_между_append_extend"", ""списки"", ""методы_списков"", ""python"", ""append"", ""extend"", ""объединение_списков""]"
350;Python;"[""функциональное_программирование"", ""высшие_функции"", ""замыкания"", ""списковые_включения"", ""python"", ""устойчивость_кода"", ""модульность""]"
351;Python;"[""ctypes"", ""работа_с_c_в_python"", ""модули_python"", ""внешние_библиотеки"", ""интеграция_c_и_python"", ""производительность""]"
352;Python;"[""множественное_наследование"", ""классы"", ""наследование"", ""композиция"", ""python"", ""алмазное_наследование""]"
353;Python;"[""метаклассы"", ""python"", ""классы"", ""наследование"", ""программирование"", ""пример_кода""]"
354;Python;"[""свойства"", ""контроль_доступа"", ""python"", ""классы"", ""атрибуты_класса"", ""ограничения""]"
355;Python;"[""строка_юникода"", ""unicode"", ""работа_с_текстом"", ""python3"", ""кодировка"", ""python""]"
356;Python;"[""yield"", ""генераторы"", ""python"", ""ленивая_генерация"", ""функция-генератор"", ""передача_значений""]"
357;Python;"[""полиморфизм"", ""объектно-ориентированное_программирование"", ""python"", ""наследование"", ""методы"", ""примеры_кода""]"
358;Python;"[""упаковка_кода"", ""модули"", ""сборщики"", ""исполняемый_файл"", ""контейнеры"", ""docker"", ""setuptools"", ""py2exe"", ""pyinstaller"", ""nuitka"", ""cx_freeze""]"
359;Python;"[""интерпретируемый_язык"", ""исполняемый_файл"", ""pyinstaller"", ""cx_freeze"", ""интерпретатор_python"", ""упаковка_кода""]"
360;Python;"[""dunder"", ""специальные_методы"", ""переменные"", ""атрибуты"", ""python""]"
361;Python;"[""импорт_модулей"", ""функции"", ""import"", ""from_import"", ""python""]"
362;Python;"[""динамическая_типизация"", ""утиная_типизация"", ""типы_данных"", ""динамический_тип"", ""duck_typing"", ""programming_languages""]"
363;Python;"[""высокопроизводительные_вычисления"", ""разработка_мобильных_приложений"", ""системы_реального_времени"", ""низкий_уровень_программирования"", ""браузерные_приложения"", ""ограничения_python"", ""выбор_языка_программирования""]"
364;Programming;"[""dry"", ""принципы_разработки"", ""oop"", ""fp"", ""наследование"", ""функции_высшего_порядка""]"
365;Python;"[""научные_исследования"", ""веб-приложения"", ""автоматизация_задач"", ""создание_игр"", ""десктопные_приложения"", ""обработка_данных"", ""machine_learning"", ""django"", ""flask"", ""pygame"", ""pyqt"", ""tkinter""]"
366;Python;"[""фреймворки"", ""python_frameworks"", ""django"", ""flask"", ""pyramid"", ""bottle"", ""cherrypy"", ""веб_разработка"", ""программирование""]"
367;Python;"[""интерпретируемый_язык"", ""байт-код"", ""виртуальная_машина"", ""python"", ""jit"", ""компиляция""]"
368;Python;"[""словари"", ""создание_словаря"", ""чтение_и_запись"", ""встроенные_методы"", ""python"", ""dict""]"
369;Python;"[""аргументы"", ""функции"", ""python"", ""необязательные_аргументы"", ""ключевые_аргументы"", ""*args"", ""**kwargs""]"
370;Python;"[""индексация"", ""срезы"", ""python"", ""строки"", ""списки"", ""итерируемые_объекты""]"
371;Python;"[""str_vs_repr"", ""строковое_представление"", ""встроенные_функции"", ""python"", ""отладка"", ""человекочитаемый_формат"", ""официальное_представление""]"
372;Python;"[""динамическая_типизация"", ""python"", ""переменные"", ""типы_данных"", ""основы_python""]"
373;Python;"[""все_объекты"", ""объектно-ориентированное_программирование"", ""python"", ""типы_данных"", ""методы"", ""атрибуты""]"
374;Python;"[""промежуточное_программное_обеспечение"", ""middleware"", ""http-запросы"", ""http-ответы"", ""веб-фреймворки"", ""django"", ""flask""]"
375;Python;"[""python"", ""циклы"", ""итерация"", ""enumerate"", ""индексы_и_значения"", ""упрощение_кода""]"
376;Python;"[""сжатие_списков"", ""сжатие_словарей"", ""синтаксис"", ""python"", ""преобразование_данных"", ""итерируемые_объекты""]"
377;Python;"[""списки"", ""индексация"", ""создание_массива"", ""python"", ""примеры_кода"", ""работа_со_списками""]"
378;Python;"[""генерация_случайных_чисел"", ""random"", ""python"", ""случайные_числа"", ""программирование"", ""модуль_random""]"
379;Python;"[""обработка_исключений"", ""try_except"", ""python"", ""zero_division_error"", ""value_error"", ""конструкция_try_except""]"
380;Python;"[""исключения"", ""иерархия_исключений"", ""python"", ""обработка_исключений"", ""baseexception"", ""try_except""]"
381;Python;"[""структуры_данных"", ""list"", ""tuple"", ""set"", ""dict"", ""python"", ""изменяемые_и_неизменяемые_типы""]"
382;Python;"[""virtualenv"", ""изоляция_окружения"", ""управление_зависимостями"", ""python_окружение"", ""установка_пакетов"", ""работа_с_библиотеками""]"
383;Python;"[""with_оператор"", ""контекстный_менеджер"", ""python"", ""работа_с_файлами"", ""автоматическое_закрытие"", ""протокол_контекстного_менеджера""]"
384;Python;"[""class"", ""self"", ""экземпляр_класса"", ""методы"", ""конструктор"", ""объектно-ориентированное_программирование"", ""oop""]"
385;Python;"[""isinstance"", ""типы_данных"", ""проверка_типов"", ""python""]"
386;Python;"[""методы_класса"", ""статические_методы"", ""методы_экземпляра"", ""классы"", ""python"", ""oop""]"
387;Python;"[""map"", ""filter"", ""reduce"", ""lambda"", ""встроенные_функции"", ""функциональное_программирование""]"
388;Python;"[""классы_нового_стиля"", ""классы_старого_стиля"", ""наследование"", ""объектно-ориентированное_программирование"", ""python2"", ""python3""]"
389;General;"[""различия"", ""python_vs_java"", ""типизация"", ""структуры_данных"", ""параллелизм"", ""компиляция"", ""импорт""]"
390;Python;"[""контекстный_процессор"", ""django"", ""шаблоны"", ""глобальные_переменные"", ""python"", ""веб-разработка""]"
391;Python;"[""динамическое_выполнение_кода"", ""встроенные_функции"", ""eval"", ""exec"", ""python"", ""безопасность""]"
392;Python;"[""аргументы_командной_строки"", ""python"", ""argparse"", ""обработка_аргументов"", ""sys.argv"", ""параметры_запуска""]"
393;Python;"[""yield"", ""генераторы"", ""итераторы"", ""python"", ""функции"", ""последовательности""]"
394;Python;"[""ord()"", ""chr()"", ""функции"", ""кодировка_ascii"", ""unicode"", ""python""]"
395;Python;"[""метаклассы"", ""программирование"", ""классы"", ""динамические_атрибуты"", ""python"", ""oop""]"
396;Python;"[""дескрипторы"", ""атрибуты_класса"", ""объектно-ориентированное_программирование"", ""python"", ""get_set_delete"", ""пример_кода""]"
397;Python;"[""пространство_имен"", ""область_видимости"", ""python"", ""legb"", ""конфликты_имен"", ""эффективный_код""]"
398;Python;"[""mro"", ""наследование"", ""методы"", ""классы"", ""порядок_разрешения_методов"", ""python""]"
399;Python;"[""python"", ""списки"", ""comprehensions"", ""программирование"", ""оптимизация_кода"", ""генераторы""]"
400;Python;"[""функции_высшего_порядка"", ""обработка_данных"", ""map"", ""filter"", ""reduce"", ""исключения"", ""обработка_ошибок""]"
401;Python;"[""обработка_исключений"", ""custom_exception"", ""python"", ""программирование"", ""try_except"", ""создание_исключений""]"
402;Python;"[""ввод_данных"", ""python2"", ""python3"", ""input"", ""raw_input"", ""строки""]"
403;Python;"[""__name__"", ""__main__"", ""условный_блок"", ""импорт_модуля"", ""python"", ""исполнение_скрипта""]"
404;Python;"[""обработка_исключений"", ""finally"", ""исключения"", ""управление_ресурсами"", ""python""]"
405;Python;"[""многопоточность"", ""gil"", ""threading"", ""multiprocessing"", ""concurrent.futures"", ""асинхронность"", ""asyncio"", ""trio"", ""python""]"
406;Python;"[""неблокирующий_ввод-вывод"", ""асинхронное_программирование"", ""asyncio"", ""aiohttp"", ""python"", ""асинхронный_http-запрос""]"
407;Python;"[""исключения"", ""ошибка"", ""try_except"", ""обработка_исключений"", ""python""]"
408;Python;"[""модули"", ""импорт"", ""функции"", ""пакеты"", ""python_import"", ""python_modules""]"
409;Python;"[""создание_функции"", ""python"", ""def"", ""пример_кода"", ""аргументы_функции"", ""вывод_в_консоль""]"
410;Python;"[""классы"", ""определение_класса"", ""инициализация"", ""методы"", ""python"", ""class"", ""constructor"", ""methods""]"
411;Python;"[""классы"", ""создание_экземпляра"", ""python"", ""конструктор"", ""объектно_ориентированное_программирование"", ""инициализация""]"
412;Python;"[""возврат_значений"", ""функции"", ""типы_данных"", ""python"", ""оператор_return"", ""работа_с_функциями""]"
413;Python;"[""функции"", ""без_return"", ""None"", ""поведение_функции"", ""Python"", ""значение_по_умолчанию""]"
414;Python;"[""словари"", ""сохранение_порядка"", ""python3.7+"", ""ordereddict"", ""python""]"
415;Python;"[""изменяемые_структуры_данных"", ""ключи_в_словарях"", ""programming"", ""data_structures"", ""python""]"
416;Python;"[""кортеж_vs_список"", ""immutable_vs_mutable"", ""python"", ""структуры_данных"", ""эффективность_памяти"", ""использование_в_словарях""]"
417;Python;"[""обработка_файлов"", ""чтение_файла"", ""запись_в_файл"", ""добавление_в_файл"", ""бинарный_режим"", ""python""]"
418;general;"[""проверка_сервера"", ""системные_ресурсы"", ""доступность_сети"", ""журналы"", ""брандмауэр"", ""network"", ""system_resources"", ""logs"", ""firewall""]"
419;SQL;"[""язык_запросов"", ""структурированный_язык_запросов"", ""реляционная_база_данных"", ""субд"", ""непроцедурный_язык"", ""формальный_язык"", ""SQL""]"
420;SQL;"[""операторы_sql"", ""ddl"", ""dml"", ""dcl"", ""tcl"", ""управление_данными"", ""базы_данных""]"
421;SQL;"[""null"", ""базы_данных"", ""отсутствие_значения"", ""специальное_значение"", ""sql""]"
422;SQL;"[""временная_таблица"", ""базы_данных"", ""хранение_данных"", ""sql"", ""агрегирование_данных"", ""управление_данными""]"
423;SQL;"[""базы_данных"", ""представление"", ""view"", ""sql"", ""безопасность_данных"", ""управление_данными""]"
424;SQL;"[""select"", ""оператор_select"", ""sql"", ""базы_данных"", ""dml"", ""структура_sql""]"
425;SQL;"[""join"", ""sql"", ""оператор_соединения"", ""базы_данных"", ""реляционная_алгебра"", ""выборка_данных""]"
426;SQL;"[""join"", ""inner_join"", ""left_join"", ""right_join"", ""full_outer_join"", ""cross_join"", ""типы_соединений"", ""декартово_произведение""]"
427;SQL;"[""join_vs_подзапросы"", ""оптимизация_запросов"", ""субд"", ""select"", ""агрегатные_значения"", ""sql""]"
428;SQL;"[""фильтрация_результата"", ""group_by"", ""having"", ""логические_условия"", ""sql""]"
429;SQL;"[""различие"", ""having_vs_where"", ""агрегатные_функции"", ""ограничивающее_выражение"", ""sql"", ""условия_выборки""]"
430;SQL;"[""sql"", ""сортировка_данных"", ""order_by"", ""порядок_столбцов"", ""asc_desc"", ""запросы""]"
431;SQL;"[""агрегация"", ""group_by"", ""базы_данных"", ""sql"", ""обработка_данных"", ""group_by_оператор""]"
432;SQL;"[""group_by"", ""обработка_null"", ""агрегация"", ""sql"", ""базы_данных""]"
433;SQL;"[""различия"", ""операторы"", ""group_by"", ""distinct"", ""агрегатные_функции"", ""уникальные_значения"", ""sql""]"
434;SQL;"[""агрегатные_функции"", ""sql"", ""count"", ""sum"", ""avg"", ""max"", ""min""]"
435;SQL;"[""агрегатные_функции"", ""count"", ""разница_count"", ""null_значения"", ""sql"", ""подсчет_записей""]"
436;SQL;"[""операторы"", ""exists"", ""подзапросы"", ""условные_выражения"", ""базы_данных"", ""sql""]"
437;SQL;"[""операторы"", ""in"", ""between"", ""like"", ""фильтрация_данных"", ""sql""]"
438;SQL;"[""объединение_таблиц"", ""union"", ""без_дублей"", ""union_all"", ""sql_запросы"", ""обработка_данных""]"
439;SQL;"[""ограничения_целостности"", ""primary_key"", ""check"", ""unique"", ""foreign_key"", ""sql_constraints"", ""базы_данных""]"
440;SQL;"[""ограничения"", ""primary_key"", ""unique_key"", ""индексы"", ""null_значения"", ""базы_данных""]"
441;SQL;"[""foreign_key"", ""null"", ""ограничения"", ""базы_данных""]"
442;SQL;"[""создание_индекса"", ""create_index"", ""unique"", ""primary_key"", ""sql"", ""базы_данных""]"
443;SQL;"[""merge"", ""обновление_данных"", ""вставка_данных"", ""слияние_таблиц"", ""sql"", ""оператор_merge""]"
444;SQL;"[""удаление_данных"", ""различия"", ""dml"", ""ddl"", ""delete"", ""truncate"", ""sql""]"
445;SQL;"[""explain"", ""оптимизация_запросов"", ""индексы"", ""sql"", ""анализ_запросов"", ""соединение_таблиц""]"
446;SQL;"[""returning"", ""вставка_обновление_удаление"", ""postgresql"", ""базы_данных"", ""sql_запросы"", ""работа_с_данными""]"
447;SQL;"[""хранимая_процедура"", ""базы_данных"", ""sql"", ""производительность"", ""безопасность_данных"", ""ddl"", ""dml""]"
448;SQL;"[""триггер"", ""целостность_данных"", ""бизнес-логика"", ""транзакция"", ""before"", ""after"", ""sql""]"
449;SQL;"[""курсор"", ""база_данных"", ""работа_с_записями"", ""declare"", ""open"", ""fetch"", ""close"", ""deallocate"", ""sql""]"
450;SQL;"[""типы_данных"", ""разница"", ""datetime"", ""timestamp"", ""базы_данных"", ""хранение_даты""]"
451;SQL;"[""типы_данных"", ""bit"", ""операции"", ""sql""]"
452;SQL;"[""transact_sql"", ""pivot"", ""unpivot"", ""преобразование_данных"", ""операторы_sql"", ""базы_данных""]"
453;SQL;"[""ранжирование"", ""ранжирующие_функции"", ""transact_sql"", ""row_number"", ""rank"", ""dense_rank"", ""ntile"", ""базы_данных"", ""sql""]"
454;SQL;"[""intersect"", ""except"", ""transact_sql"", ""уникальные_записи"", ""операции_над_множествами"", ""запросы""]"
455;SQL;"[""запросы"", ""максимальное_значение"", ""агрегатные_функции"", ""вложенные_запросы"", ""создание_таблицы"", ""sql"", ""primary_key"", ""auto_increment""]"
